param,online
7.152557373046875e-07,12.05078125
0.0105957984924316,26.05859375
0.0211806297302246,31.40625
0.0317533016204834,33.93359375
0.0447142124176025,38.47265625
0.0559778213500976,39.82421875
0.0671033859252929,40.8046875
0.0769798755645752,41.83984375
0.0868036746978759,43.00390625
0.0969512462615966,44.1171875
0.1071765422821044,45.0234375
0.11741304397583,45.8671875
0.1309981346130371,46.53515625
0.1441926956176757,47.4765625
0.1575238704681396,48.54296875
0.169257640838623,49.8828125
0.1825706958770752,50.34765625
0.1947546005249023,52.66015625
0.2103164196014404,53.52734375
5.205042123794556,53.52734375
5.215981721878052,53.5625
7.740736961364746,53.5625
7.756620168685913,54.1328125
7.776098251342773,54.58203125
7.791380882263184,55.91015625
7.807999134063721,56.7890625
7.827022314071655,59.00390625
7.848388671875,60.34375
7.863153457641602,64.40234375
7.880113363265991,68.24609375
7.894553899765015,70.015625
7.907693147659302,72.453125
7.921448707580566,74.03125
7.932716846466064,75.109375
7.947639226913452,76.6328125
7.970676898956299,79.40234375
7.991319179534912,81.1953125
8.006755352020264,83.84765625
8.023801565170288,85.6484375
8.036827802658081,86.421875
8.052135944366455,88.7421875
8.081814050674438,98.69921875
8.102642059326172,107.8046875
8.114485263824463,109.28125
8.126867771148682,108.69921875
8.139768838882446,109.21484375
8.151291608810425,109.47265625
8.164867639541626,108.30859375
9.537309646606444,108.30859375
9.551235914230348,112.79296875
9.5681312084198,127.80078125
9.583870887756348,129.26953125
9.597904205322266,130.81640625
9.6233012676239,133.90625
9.63649034500122,134.53125
9.652052402496338,135.8125
9.666027784347534,137.6171875
9.68019151687622,138.72265625
9.693156719207764,141.21875
9.707777738571169,141.7265625
9.72144889831543,141.73046875
9.735204935073853,144.5625
9.748645305633543,142.53515625
9.762288093566896,142.53515625
9.7751944065094,143.30859375
9.786677598953249,143.30859375
9.798259735107422,144.33984375
9.850626945495604,144.33984375
9.86264419555664,145.88671875
9.87454915046692,145.88671875
9.891074419021606,145.8515625
9.91075325012207,145.8515625
9.92438268661499,144.8203125
10.002883434295654,144.8203125
10.018390893936155,146.8828125
10.03235912322998,150.75
10.045428991317747,151.0078125
10.058918476104736,137.12890625
11.249871492385864,137.12890625
11.262122631072998,137.4453125
11.27407693862915,137.4453125
11.286473274230955,142.71875
11.303919315338137,167.0546875
11.320215940475464,167.5703125
11.348703145980837,167.5703125
11.361892461776732,168.859375
11.374157428741457,169.1171875
11.386696100234984,169.890625
11.397632122039797,175.046875
11.40876293182373,175.046875
11.42044734954834,175.2734375
11.43145513534546,175.2734375
11.442696571350098,175.7890625
11.456427335739136,176.8203125
11.482359170913696,176.8203125
11.493295192718506,177.078125
11.505476474761965,178.3671875
11.648447275161743,178.3671875
11.66269850730896,178.625
11.701247692108154,178.625
11.714348554611206,179.3984375
11.763803243637083,179.3984375
11.774969577789308,179.9140625
11.814373254776,179.9140625
11.826245307922363,180.171875
11.86301302909851,180.171875
11.875998973846436,180.4296875
11.90543007850647,180.4296875
11.920010089874268,180.6875
11.936915159225464,181.9765625
11.951425313949583,183.5234375
12.077883243560793,183.5234375
12.0916428565979,179.87109375
12.913614273071287,179.87109375
12.928386449813845,179.890625
12.941462755203249,179.890625
12.953476428985596,184.53125
12.965842008590698,210.828125
12.981117248535156,210.828125
12.992666006088257,211.33984375
13.005416870117188,211.33984375
13.023216009140016,211.59765625
13.036547899246216,212.11328125
13.048398971557615,212.37109375
13.05947995185852,212.62890625
13.071558475494385,212.62890625
13.084019899368286,212.890625
13.09574007987976,213.1484375
13.106411933898926,217.53125
13.117217302322388,214.57421875
13.128262281417848,214.83203125
13.139954805374146,215.34765625
13.15167236328125,215.34765625
13.162574052810667,216.63671875
13.187263011932371,216.63671875
13.20254135131836,212.94921875
13.22424602508545,212.94921875
13.2360999584198,213.4609375
13.258492946624756,213.4609375
13.27021551132202,213.71875
13.281713008880615,213.71875
13.29527997970581,214.234375
13.30901336669922,214.4921875
13.323918104171751,214.75
13.348453521728516,214.75
13.359779596328735,219.390625
13.371344089508057,216.34375
13.385575532913208,218.1484375
13.400450468063354,218.1484375
13.4149911403656,219.1796875
13.454512596130373,219.1796875
13.468311309814451,219.953125
13.589345455169678,219.953125
13.6019024848938,222.015625
13.61393928527832,223.5625
13.628124237060549,223.8203125
14.599915027618408,223.8203125
14.611604928970335,223.9296875
15.051146507263184,223.9296875
15.06526017189026,212.12890625
16.189340829849243,212.12890625
16.202213764190674,212.15625
16.243147611618042,241.546875
16.257530212402344,242.31640625
16.272371292114258,243.41015625
17.90612506866455,243.41015625
17.91844081878662,247.01953125
17.92993450164795,270.99609375
17.94213318824768,273.83203125
18.1026451587677,273.83203125
18.11631464958191,276.15234375
18.37149953842163,276.15234375
18.387300491333008,278.47265625
18.402816772460938,276.91796875
18.420779705047607,278.20703125
18.436412811279297,278.20703125
18.45120668411255,279.49609375
18.49331331253052,279.49609375
18.50596809387207,280.01171875
18.545705556869507,280.01171875
18.563717126846317,280.26953125
18.5932092666626,280.26953125
18.608548641204838,280.39453125
18.623450994491577,280.39453125
18.63596796989441,280.91015625
18.647703886032104,282.97265625
18.660399675369263,284.51953125
20.06928014755249,284.51953125
20.083616256713867,272.078125
21.11825108528137,272.078125
21.148738622665405,302.2421875
22.681479692459103,302.2421875
22.693639755249023,302.3359375
22.7079975605011,302.3359375
22.719438791275024,306.1875
24.26038908958435,306.1875
24.27284574508667,312.11328125
24.30477905273437,356.19140625
24.3203182220459,356.19140625
24.33456516265869,356.4453125
25.85661506652832,356.4453125
25.870280981063843,356.6015625
25.885496139526367,363.5625
25.910585165023804,387.5390625
27.44076943397522,387.5390625
27.45405125617981,387.58203125
27.468289375305176,387.58203125
27.480655193328857,388.08984375
27.49281525611877,388.60546875
28.923540115356445,388.60546875
28.93543100357056,388.89453125
28.94835066795349,388.89453125
28.960843563079838,397.40234375
28.972779273986816,398.43359375
30.4905858039856,398.43359375
30.503196954727173,403.33203125
30.52126669883728,409.77734375
30.53753399848938,430.66015625
30.568081617355347,493.43359375
32.07259941101074,493.43359375
32.09174299240112,495.49609375
32.103724002838135,507.61328125
32.120798110961914,526.0546875
36.646286725997925,526.0546875
36.67393088340759,526.828125
38.130802154541016,526.828125
38.144349098205566,527.6015625
38.15731763839722,535.33203125
38.16893243789673,536.87890625
38.181721925735474,538.42578125
38.19591689109802,538.921875
38.2102644443512,539.2734375
38.224202394485474,541.328125
38.2436261177063,546.7421875
38.25739455223084,549.0625
38.26972961425781,549.12890625
38.28319072723389,549.12890625
38.297170639038086,549.64453125
38.33966898918152,549.64453125
38.35134243965149,549.90234375
38.363725662231445,549.9609375
38.40336775779724,549.9609375
38.41416144371033,550.9921875
38.49713206291199,550.9921875
38.50939512252808,551.05078125
38.592848777771,551.05078125
38.60517430305481,551.1484375
38.62835097312927,551.1484375
38.64055991172791,551.40625
38.66667127609253,551.40625
38.68000531196594,551.6640625
38.78038024902344,551.6640625
38.79362082481384,553.7265625
39.12412667274475,553.7265625
39.13883757591248,553.84765625
39.72343802452088,553.84765625
39.73559927940369,555.3359375
39.847148180007935,555.3359375
39.85841751098633,559.203125
41.2075138092041,559.203125
41.21936511993408,559.4609375
41.32826375961304,559.4609375
41.34088325500488,560.75
42.551026582717896,560.75
42.56419801712036,568.7421875
42.697594165802,568.7421875
42.70877623558045,572.734375
42.718878507614136,573.12890625
42.72941827774048,573.35546875
42.74334740638733,575.48046875
42.75856399536133,576.2578125
42.77328610420227,584.66796875
42.78687787055969,471.02734375
42.80007195472717,481.85546875
42.81376218795776,493.19921875
42.82643914222717,504.02734375
42.83973026275635,513.82421875
42.85327363014221,521.81640625
43.00294852256775,521.81640625
43.01522850990296,529.80859375
43.02830934524536,539.86328125
43.04052877426148,548.88671875
43.05332517623901,549.14453125
44.55198907852173,549.14453125
44.56428027153015,554.41796875
44.57679033279419,558.55078125
44.58928823471069,563.27734375
44.60197043418884,570.8203125
44.615283727645874,576.75
46.08896994590759,576.75
46.101539611816406,578.9140625
46.115230083465576,598.1875
46.12690901756287,601.28125
46.13816952705383,602.828125
46.15084791183472,603.0859375
46.32330012321472,603.0859375
46.33877086639404,610.046875
46.57961583137512,610.046875
46.59273290634155,613.9140625
46.7392635345459,613.9140625
46.753724575042725,615.71875
46.874915599823,615.71875
46.89245939254761,618.5546875
46.909366607666016,618.8125
47.69026207923889,618.8125
47.70702147483826,619.0703125
47.732200384140015,620.875
50.12022805213928,620.875
50.1328489780426,609.5390625
50.8551607131958,609.5390625
50.881152629852295,614.1484375
51.12207627296448,614.1484375
51.13438200950623,614.40234375
51.18337678909302,614.40234375
51.19758987426758,614.66015625
51.23389863967896,614.66015625
51.24661111831665,623.67578125
54.02439284324646,623.67578125
54.04030084609985,624.44921875
54.06336498260498,630.12109375
55.13115119934082,630.12109375
55.14382791519165,625.59765625
55.606682538986206,625.59765625
55.61964178085327,629.20703125
55.63710832595825,637.97265625
57.27328014373779,637.97265625
57.29482269287109,638.04296875
57.31791663169861,658.66796875
57.7346351146698,658.66796875
57.74744009971619,661.76171875
58.849974632263184,661.76171875
58.86196756362915,662.53515625
58.87366795539856,674.91015625
58.89053916931152,675.94140625
60.43165159225464,675.94140625
60.45319700241089,676.19921875
60.483444929122925,676.19921875
60.4970338344574,676.4453125
60.63542866706848,676.4453125
60.64915204048157,677.73046875
60.663838148117065,679.015625
60.89560389518738,679.015625
60.90925312042236,679.23828125
61.25848364830017,679.23828125
61.27224278450012,679.3515625
62.38717770576477,679.3515625
62.40607380867005,680.640625
62.86101913452149,680.640625
62.875466108322144,680.8984375
62.897661447525024,681.15625
64.03100371360779,681.15625
64.04450583457947,681.265625
65.75220036506653,681.265625
65.76275968551636,681.5234375
65.7752845287323,681.78125
65.80878186225891,681.78125
65.82270312309265,626.80859375
65.83827877044678,626.8125
66.49609184265137,626.8125
66.50952434539795,589.0234375
66.52234363555908,425.3125
71.40598320960999,425.3125
71.42164945602417,425.828125
72.93463468551636,425.828125
72.95349621772766,425.8671875
74.5617413520813,425.8671875
74.57623505592346,426.04296875
74.60937237739563,426.04296875
74.62381863594055,430.69921875
76.15625143051147,430.69921875
76.16823267936707,431.21484375
76.18437480926514,439.5859375
76.20920825004578,453.5078125
76.54391407966614,453.5078125
76.55708956718445,454.671875
77.76042819023132,454.671875
77.77348184585571,456.4765625
77.78647971153259,468.07421875
79.27482414245605,468.07421875
79.29463791847229,468.84765625
79.31316924095154,471.42578125
79.6270923614502,471.42578125
79.63971734046936,472.71484375
80.84207463264465,472.71484375
80.8550591468811,475.80859375
80.86968874931335,483.02734375
80.88531017303467,496.43359375
80.89914679527283,507.40234375
80.91396236419678,518.26953125
80.93225049972534,526.51953125
82.41843175888062,526.51953125
82.43091368675232,532.19140625
82.4453284740448,539.41015625
82.47007775306702,539.41015625
82.4827253818512,539.578125
82.81665921211243,539.578125
82.83075451850891,541.02734375
84.06563544273376,541.02734375
84.08338069915771,541.54296875
84.09716200828552,541.54296875
84.11086893081665,551.59765625
84.1241934299469,556.23828125
85.62164998054504,556.23828125
85.63355922698975,566.55078125
85.64845275878906,576.671875
85.6660795211792,579.25
86.17783331871033,579.25
86.19043517112732,582.0859375
87.23802256584167,582.0859375
87.25143074989319,590.078125
87.2637414932251,600.1328125
87.27688074111938,614.046875
87.29274415969849,637.765625
87.30990195274353,639.45703125
90.5775020122528,639.45703125
90.590656042099,639.71484375
91.97005224227904,639.71484375
91.99236464500429,639.97265625
92.01370978355408,640.23046875
92.93892526626588,640.23046875
92.95163607597352,640.29296875
93.58371376991272,640.29296875
93.59739136695862,641.58203125
93.6116213798523,649.57421875
93.94489860534668,649.57421875
93.9597191810608,651.63671875
93.97538709640504,651.89453125
93.99850678443909,652.41015625
94.02343893051147,606.578125
94.03590035438538,607.3515625
94.04775190353394,607.3515625
94.06067562103271,607.609375
94.1096465587616,607.609375
94.12197756767272,608.125
94.29036831855774,608.125
94.30246829986572,609.15625
94.68656325340272,609.15625
94.7012975215912,609.9296875
94.72654724121094,536.609375
94.74045395851137,401.171875
94.80417442321776,401.171875
94.8181574344635,407.4765625
94.83109855651855,416.7578125
94.8459849357605,427.328125
94.86123633384705,437.640625
94.87426376342772,440.734375
94.9563102722168,440.734375
94.96962118148804,442.0234375
95.2285041809082,442.0234375
95.24150800704956,444.0859375
95.25391554832458,453.3671875
95.26605939865112,462.390625
95.27908515930176,462.390625
95.29278111457825,462.6484375
96.84314799308775,462.6484375
96.85505962371826,462.90625
98.47552967071532,462.90625
98.49946475028992,463.1640625
98.71388506889345,463.1640625
98.72754192352296,464.1953125
100.05348682403564,464.1953125
100.06920790672302,464.39453125
101.5211136341095,464.39453125
101.53454160690308,467.74609375
101.54745817184448,478.05859375
101.5588972568512,486.56640625
101.57035684585573,487.59765625
101.86717295646667,487.59765625
101.88032746315002,487.80859375
103.0703444480896,487.80859375
103.08373188972472,492.70703125
103.097665309906,501.21484375
103.12595868110655,508.43359375
103.4002001285553,508.43359375
103.41232085227966,509.46484375
106.2837746143341,509.46484375
106.30297040939332,514.41015625
106.67123174667358,514.41015625
106.68496561050416,516.98828125
107.73331379890442,516.98828125
107.74602174758913,520.08203125
107.7598385810852,529.36328125
107.77397179603577,536.58203125
107.78854751586914,540.19140625
109.33208799362184,540.19140625
109.3657066822052,574.48828125
109.37915658950806,574.48828125
109.4062843322754,583.25390625
111.38324022293092,583.25390625
111.39550805091858,584.28515625
112.48871445655824,584.28515625
112.5083498954773,591.99609375
112.52032327651978,599.21484375
114.00815796852112,599.21484375
114.02026748657228,606.43359375
114.0346884727478,629.63671875
114.05031609535216,643.81640625
115.5587511062622,643.81640625
115.57288718223572,646.13671875
115.5854949951172,657.48046875
115.60713934898376,666.90625
116.1449248790741,666.90625
116.15775656700134,668.7109375
117.25764465332033,668.7109375
117.2704918384552,668.796875
120.38251256942748,668.796875
120.3961353302002,669.0546875
122.29278230667114,669.0546875
122.30566692352296,669.3125
122.32031774520874,669.3125
122.35125136375429,671.1171875
122.36448001861572,631.43359375
122.37788558006288,634.33203125
122.3967580795288,634.58984375
122.40920400619508,634.84765625
122.4575457572937,634.84765625
122.4703085422516,635.36328125
122.6415948867798,635.36328125
122.65370488166808,636.39453125
123.0471122264862,636.39453125
123.06037259101868,637.16796875
123.07496356964111,637.16796875
123.09963178634644,599.39453125
123.11590671539308,429.37890625
123.12768411636353,428.60546875
123.65399432182312,428.60546875
123.66663956642152,432.08203125
123.6813416481018,440.07421875
125.21913480758668,440.07421875
125.23199820518494,445.74609375
125.24484395980836,455.80078125
125.25780296325684,462.76171875
126.76493883132936,462.76171875
126.77927947044373,472.30078125
126.79327344894408,485.9609375
126.80863690376282,487.765625
127.0381281375885,487.765625
127.05174970626832,489.0546875
128.1127438545227,489.0546875
128.12780046463013,489.06640625
128.35809803009033,489.06640625
128.37089610099792,489.32421875
131.56594467163086,489.32421875
131.57929182052612,491.90625
131.59152507781982,501.703125
131.6030879020691,510.46875
131.61677408218384,513.046875
131.9142084121704,513.046875
131.9287350177765,515.109375
133.13369059562683,515.109375
133.14780282974243,517.9453125
133.16081643104553,527.484375
133.17501711845398,539.34375
133.1928653717041,544.234375
134.7372488975525,544.234375
134.75004863739014,547.84375
136.2712037563324,547.84375
136.29856729507446,548.31640625
136.69188737869263,548.31640625
136.7040195465088,550.89453125
137.81174278259277,550.89453125
137.82501482963562,558.62890625
137.83909058570862,567.39453125
137.85269165039062,575.38671875
137.86551976203918,577.96484375
139.3606674671173,577.96484375
139.37246680259705,581.57421875
139.38776183128357,590.85546875
139.40444946289062,602.70703125
139.4205446243286,618.6875
140.93276143074036,618.6875
140.94735312461853,625.1328125
140.96605968475342,628.7421875
140.9796440601349,628.7421875
140.9925045967102,628.8125
142.46336483955383,628.8125
142.48693895339966,629.328125
143.04056477546692,629.328125
143.05371356010437,630.875
144.03322863578796,630.875
144.06438827514648,632.9375
144.07717156410217,632.9375
144.0914216041565,637.3203125
144.1080026626587,661.8125
144.12467646598816,674.765625
144.13669776916504,675.0234375
144.14868092536926,675.5390625
144.17255997657776,675.5390625
144.18507933616638,676.0546875
144.27065873146057,676.0546875
144.28359866142273,677.0859375
144.6842076778412,677.0859375
144.6986048221588,679.1484375
145.6247365474701,679.1484375
145.6368477344513,680.4375
145.9231414794922,680.4375
145.935640335083,685.3359375
145.9520354270935,687.9140625
146.44755101203918,687.9140625
146.46207976341248,689.71875
148.76717281341553,689.71875
148.7805461883545,690.4921875
148.856782913208,690.4921875
148.86825513839722,690.98046875
148.8906052112579,691.23828125
148.90552043914795,692.01171875
148.93352437019348,677.1796875
148.9458954334259,677.6953125
148.9591019153595,677.6953125
148.97252416610718,677.953125
149.02273273468018,677.953125
149.03397846221924,678.46875
149.0721526145935,678.46875
149.08662605285645,678.546875
149.1998746395111,678.546875
149.2137475013733,679.578125
149.4924283027649,679.578125
149.5043842792511,679.8359375
149.5429084300995,679.8359375
149.55518865585327,680.09375
149.5706479549408,680.09375
149.58941912651062,621.66015625
149.6017200946808,470.9140625
149.62696623802185,470.9140625
149.64046573638916,471.171875
149.66539645195007,471.171875
149.68072652816772,471.4296875
150.31277704238892,471.4296875
150.32482075691223,470.77734375
155.13479804992676,470.77734375
155.1540014743805,474.328125
156.64105558395386,474.328125
156.65344834327698,478.453125
156.66643500328064,486.703125
156.68695402145386,491.0859375
158.21256256103516,491.0859375
158.2303454875946,501.9140625
158.24396347999573,510.9375
158.26465272903442,518.66796875
158.61072731018066,518.66796875
158.62624979019165,519.95703125
161.44351291656494,519.95703125
161.4637587070465,524.0
161.89473938941956,524.0
161.90874123573303,526.3203125
163.042245388031,526.3203125
163.05512952804563,532.5078125
163.0679395198822,541.53125
163.08108377456665,551.0703125
163.09303855895996,553.6484375
164.58627724647522,553.6484375
164.59827208518982,557.515625
164.6236274242401,580.1953125
164.6365315914154,582.2578125
164.65152192115784,588.9609375
166.1703178882599,588.9609375
166.18370962142944,589.046875
166.19799041748047,589.3046875
166.64149689674375,589.3046875
166.65506553649902,590.8515625
169.2819254398346,590.8515625
169.31601667404175,628.7890625
169.32835006713867,636.5234375
169.3403298854828,643.2265625
169.35195684432983,650.9609375
169.36535358428955,652.25
170.84748768806458,652.25
170.8665747642517,664.3671875
170.88948512077332,673.12890625
170.9023475646973,673.12890625
170.91653728485107,673.38671875
171.37980198860168,673.38671875
171.39274168014526,674.93359375
172.59473395347595,674.93359375
172.60847568511963,676.73828125
175.6313600540161,676.73828125
175.64436531066897,676.9921875
175.6580786705017,677.25
175.68351864814758,677.25
175.70199131965637,677.765625
175.7248728275299,679.3125
175.73767590522766,655.01953125
176.38920664787292,655.01953125
176.40968322753906,617.13671875
176.42378902435303,471.25
176.43643808364868,471.5078125
180.4527816772461,471.5078125
180.4869680404663,472.6796875
180.7552182674408,472.6796875
180.7669370174408,473.7109375
181.98657369613647,473.7109375
181.99943685531616,475.515625
182.0258316993713,494.59375
182.0410876274109,501.0390625
183.5451455116272,501.0390625
183.55759978294373,507.734375
183.57098507881165,518.3046875
183.58365297317505,526.03515625
183.59808897972107,529.38671875
185.3791480064392,529.38671875
185.3902678489685,528.66015625
186.7175872325897,528.66015625
186.72980213165283,528.91796875
187.06233859062195,528.91796875
187.0749955177307,529.94921875
189.8912687301636,529.94921875
189.9045989513397,530.98046875
189.91917037963867,540.00390625
189.9321129322052,543.6015625
190.28979015350345,543.6015625
190.30313730239868,545.1484375
191.3677623271942,545.1484375
191.3809847831726,547.984375
191.3945336341858,558.0390625
191.40806674957275,567.8359375
191.4421021938324,577.6328125
192.9528350830078,577.6328125
192.97400069236755,579.1796875
194.472740650177,579.1796875
194.4865322113037,580.7265625
194.8897788524628,580.7265625
194.9024498462677,582.015625
196.08919739723208,582.015625
196.11018180847168,591.8125
196.12260341644287,591.8125
196.13790273666385,617.33203125
196.159663438797,639.33203125
197.67192125320437,639.33203125
197.6858761310577,641.6484375
197.70466375350952,649.0625
197.71890473365784,651.4609375
197.7366862297058,651.71875
197.75076127052307,651.9765625
197.7797968387604,651.9765625
197.79449939727783,652.4921875
197.8973708152771,652.4921875
197.9121141433716,653.5234375
198.16166138648987,653.5234375
198.1754720211029,655.5
198.298712015152,655.5
198.31158137321472,657.5625
199.3239588737488,657.5625
199.33556747436523,658.8515625
199.4708683490753,658.8515625
199.4824857711792,659.1015625
200.2601625919342,659.1015625
200.2739119529724,659.359375
200.9098241329193,659.359375
200.9214904308319,660.6484375
202.4827995300293,660.6484375
202.49612522125244,661.67578125
202.5300235748291,662.1875
202.546448469162,662.1875
202.57049679756165,648.54296875
202.5851366519928,648.80078125
202.59998869895932,648.80078125
202.61568975448608,649.05859375
202.65535950660703,649.05859375
202.6685779094696,649.57421875
202.8350982666016,649.57421875
202.8479855060577,650.60546875
203.2009170055389,650.60546875
203.2132716178894,650.86328125
203.2422361373901,650.86328125
203.25657892227173,608.86328125
203.26893544197085,487.55859375
203.28289031982425,488.84765625
203.30930256843567,488.84765625
203.3220934867859,488.9296875
205.4136955738068,488.9296875
205.42591667175293,488.35546875
205.72050762176517,488.35546875
205.76189637184143,488.61328125
207.2274568080902,488.61328125
207.240220785141,488.69921875
210.29973101615903,488.69921875
210.3128809928894,488.95703125
210.3272521495819,488.95703125
210.3410301208496,488.97265625
210.3536810874939,488.97265625
210.37381744384768,499.1015625
210.3877408504486,507.8671875
211.9221546649933,507.8671875
211.93327021598816,509.9296875
211.94663739204407,520.2421875
211.96136569976807,531.328125
211.97352480888367,541.12109375
212.35289192199707,541.12109375
212.36475205421448,542.15234375
215.0760555267334,542.15234375
215.09021067619324,542.171875
217.07459616661072,542.171875
217.08762431144717,543.4609375
218.2557961940765,543.4609375
218.2779438495636,554.03125
218.2934894561768,565.375
218.3067181110382,568.984375
219.8127760887146,568.984375
219.8266549110413,571.83203125
219.84058380126956,590.39453125
219.8540523052216,590.39453125
219.8663673400879,595.29296875
221.3232250213623,595.29296875
221.33660888671875,602.50390625
221.8989193439484,602.50390625
221.91157960891724,604.05078125
222.97068810462952,604.05078125
222.9845998287201,604.56640625
222.99850416183472,611.26953125
224.572781085968,611.26953125
224.58618426322937,622.87109375
224.60403513908383,642.98046875
224.61880326271057,651.28515625
224.6311297416687,657.73046875
224.64348316192627,659.27734375
224.6548309326172,659.53515625
224.66547083854675,659.79296875
224.68782997131348,659.79296875
224.6989266872406,660.30859375
224.7835772037506,660.30859375
224.79699182510376,661.33984375
225.1617786884308,661.33984375
225.1739993095398,661.85546875
225.18628191947937,663.40234375
226.17687606811523,663.40234375
226.1894772052765,664.69140625
226.30302166938785,664.69140625
226.31620573997495,666.23828125
226.33963799476624,674.4765625
226.8114387989044,674.4765625
226.8244547843933,677.3125
229.3759205341339,677.3125
229.388329744339,685.3046875
229.4766521453857,685.3046875
229.4899196624756,685.8125
229.52689242362976,686.0703125
229.5472686290741,686.5859375
229.56564378738403,687.1015625
229.5822393894196,660.05078125
229.5937056541443,660.30859375
229.607439994812,660.30859375
229.61992573738095,660.56640625
229.66045904159543,660.56640625
229.6725277900696,661.08203125
229.8471088409424,661.08203125
229.8617253303528,662.11328125
230.20065116882324,662.11328125
230.21536493301392,662.62890625
230.23142075538635,662.62890625
230.25098299980164,587.1875
230.26382422447205,513.96484375
230.27800464630127,514.73828125
234.0730712413788,514.73828125
234.0873076915741,517.8046875
234.10112619400024,529.6640625
234.11513781547544,535.8515625
235.47039031982425,535.8515625
235.48301887512207,535.25390625
235.64735674858093,535.25390625
235.66106700897217,541.44140625
235.6752812862396,552.78515625
235.6885409355164,562.06640625
237.2159035205841,562.06640625
237.22966766357425,567.99609375
237.24493646621704,579.59765625
237.2582213878632,590.42578125
237.544308423996,590.42578125
237.55683755874637,591.71484375
238.766428232193,591.71484375
238.7794613838196,591.80078125
240.4138467311859,591.80078125
240.42683100700376,592.05859375
243.50760078430176,592.05859375
243.52575945854187,598.62109375
243.5404884815216,607.64453125
243.5538251399994,614.86328125
243.86080694198608,614.86328125
243.87411618232727,617.69921875
245.07731676101685,617.69921875
245.0907278060913,625.43359375
245.1042733192444,636.26171875
245.1178872585297,647.34765625
245.14321517944336,651.21484375
246.72006607055664,651.21484375
246.73349142074585,655.33984375
248.7019374370575,655.33984375
248.71564078330996,656.88671875
251.47291135787964,656.88671875
251.4861946105957,662.04296875
251.5004141330719,662.81640625
253.2586030960083,662.81640625
253.2830946445465,667.52734375
253.78706765174863,667.52734375
253.80182099342343,669.33203125
253.9553623199463,669.33203125
253.9687185287476,669.58984375
254.51733088493347,669.58984375
254.52927207946777,670.87890625
256.10206174850464,670.87890625
256.1157064437866,672.16796875
256.25858068466187,672.16796875
256.27147603034973,673.4296875
256.2862741947174,673.4296875
256.31692028045654,673.6875
256.3330364227295,673.6875
256.3497552871704,670.76953125
256.3751256465912,674.89453125
256.38742232322693,675.15234375
256.43996477127075,675.15234375
256.45322728157043,675.66796875
256.6297936439514,675.66796875
256.64200019836426,676.69921875
256.9698431491852,676.69921875
256.9826078414917,676.95703125
257.0139353275299,676.95703125
257.02839732170105,597.3828125
257.0434339046478,490.0625
259.3229160308838,490.0625
259.3431627750397,490.3203125
260.5209391117096,490.3203125
260.5346825122833,489.79296875
263.99525213241577,489.79296875
264.0091435909271,497.93359375
264.0229494571686,503.86328125
264.03672194480896,505.92578125
265.612101316452,505.92578125
265.62633872032166,514.8828125
265.6404764652252,526.2265625
265.65531754493713,537.828125
265.6694939136505,538.0859375
265.9943208694458,538.0859375
266.0074772834778,539.375
267.1165089607239,539.375
267.13333773612976,539.6328125
270.2694089412689,539.6328125
270.2819571495056,547.87890625
270.29478216171265,557.41796875
270.3098771572113,566.18359375
270.59726786613464,566.18359375
270.6097609996796,569.01953125
271.8267855644226,569.01953125
271.83837056159973,572.11328125
271.8510971069336,582.42578125
271.86403131484985,594.28125
271.8772609233856,606.140625
273.3647747039795,606.140625
273.40464878082275,620.8359375
274.9772381782532,620.8359375
274.99079060554504,623.23046875
275.00445318222046,624.51953125
275.4351770877838,624.51953125
275.44614243507385,627.35546875
276.47762727737427,627.35546875
276.49024057388306,636.63671875
276.50396847724915,647.20703125
276.5171744823456,654.42578125
278.02880859375,654.42578125
278.0421545505524,655.97265625
278.0557632446289,666.02734375
278.0684268474579,675.56640625
278.0914003849029,700.83203125
279.65933203697205,700.83203125
279.6733818054199,704.69921875
282.52982330322266,704.69921875
282.54177689552307,704.95703125
282.55468249320984,704.95703125
282.5756764411926,705.73046875
282.5997347831726,667.625
282.61498498916626,664.109375
282.62712049484253,664.3671875
282.63920545578003,664.3671875
282.6513361930847,664.625
282.7045199871063,664.625
282.71683263778687,666.6875
282.8733971118927,666.6875
282.8859190940857,667.71875
283.16458010673523,667.71875
283.177325963974,667.9765625
283.2099704742432,667.9765625
283.22909140586853,584.5703125
283.25274181365967,541.4765625
283.2669749259949,543.0234375
283.2794063091278,543.796875
284.28724932670593,543.796875
284.3188371658325,544.0546875
287.5251090526581,544.0546875
287.5386252403259,544.3125
287.56910014152527,544.5703125
287.5867245197296,547.85546875
289.0266914367676,547.85546875
289.0399622917176,550.43359375
289.05400347709656,562.55078125
289.06821632385254,574.66796875
289.3191032409668,574.66796875
289.33201909065247,574.92578125
290.54455757141113,574.92578125
290.5586357116699,585.9453125
290.57636547088623,598.3203125
290.5897660255432,601.671875
292.02935099601746,601.671875
292.0421054363251,601.9296875
292.05536460876465,612.56640625
292.08397364616394,624.68359375
292.40791273117065,624.68359375
292.4211959838867,625.97265625
297.08477687835693,625.97265625
297.0995750427246,627.26171875
299.8513894081116,627.26171875
299.86414670944214,635.51171875
301.3707106113434,635.51171875
301.38442182540894,636.546875
301.4139485359192,655.8828125
301.43482661247253,657.6875
301.91166853904724,657.6875
301.9301722049713,659.4921875
302.9766483306885,659.4921875
302.99015402793884,664.90625
303.00343203544617,675.9921875
303.02890944480896,681.6640625
306.9628934860229,681.6640625
306.976122379303,683.46875
309.3833339214325,683.46875
309.3965723514557,683.47265625
309.41002917289734,683.47265625
309.42062163352966,683.73046875
309.43287992477417,683.73046875
309.4465889930725,683.98828125
309.4605395793915,683.98828125
309.47315764427185,684.50390625
309.5044209957123,684.50390625
309.5192892551422,663.57421875
310.1961166858673,663.57421875
310.21434020996094,645.69140625
310.2347705364228,516.0078125
310.31448221206665,516.0078125
310.32687306404114,516.5234375
310.3388192653656,516.5234375
310.3537583351135,522.80078125
310.5268425941468,522.80078125
310.53955149650574,524.08984375
311.14802527427673,524.08984375
311.1623845100403,531.82421875
311.17604994773865,542.91015625
311.1890857219696,551.41796875
312.6862828731537,551.41796875
312.6997489929199,553.73828125
312.7132601737976,563.53515625
312.7273313999176,575.39453125
312.74020624160767,578.23046875
314.29774808883667,578.23046875
314.31167578697205,585.44921875
314.3288917541504,597.82421875
314.50109815597534,597.82421875
314.5124022960663,598.0625
315.8933598995209,598.0625
315.91707038879395,598.3203125
317.69437527656555,598.3203125
317.7131953239441,598.35546875
319.4055001735687,598.35546875
319.4176514148712,599.38671875
323.64544558525085,599.38671875
323.66232800483704,601.73828125
323.6727590560913,608.69921875
323.68319511413574,615.66015625
323.6934139728546,616.94921875
329.9978446960449,616.94921875
